subNo,SVtask
1,1.26441444607125
2,1.26441444607125
3,1.26441444607125
4,1.26441444607125
5,1.26441444607125
6,1.26441444607125
7,1.26441444607125
8,1.26441444607125
9,1.26441444607125
11,1.26441444607125
12,1.26441444607125
13,1.26441444607125
14,1.26441444607125
15,1.26441444607125
16,1.26441444607125
18,1.26441444607125
19,1.26441444607125
20,1.26441444607125
21,1.26441444607125
22,1.26441444607125
25,1.26441444607125
26,1.26441444607125
27,1.26441444607125
28,1.26441444607125
29,1.26441444607125
31,1.26441444607125
32,1.26441444607125
33,1.26441444607125
34,1.26441444607125
37,1.26441444607125
38,1.26441444607125
39,1.26441444607125
40,1.26441444607125
41,1.26441444607125
42,1.26441444607125
43,1.26441444607125
44,1.26441444607125
45,1.26441444607125
47,1.26441444607125
48,1.26441444607125
49,1.26441444607125
51,1.26441444607125
53,1.26441444607125
55,1.26441444607125
56,1.26441444607125
57,1.26441444607125
58,1.26441444607125
59,1.26441444607125
60,1.26441444607125
62,1.26441444607125
