subNo,SVtask
1,1.46782409704064
2,1.46782409704064
3,1.46782409704064
8,1.46782409704064
9,1.46782409704064
10,1.46782409704064
11,1.46782409704064
12,1.46782409704064
13,1.46782409704064
14,1.46782409704064
15,1.46782409704064
16,1.46782409704064
17,1.46782409704064
18,1.46782409704064
19,1.46782409704064
20,1.46782409704064
21,1.46782409704064
22,1.46782409704064
23,1.46782409704064
24,1.46782409704064
25,1.46782409704064
26,1.46782409704064
27,1.46782409704064
28,1.46782409704064
29,1.46782409704064
30,1.46782409704064
31,1.46782409704064
32,1.46782409704064
